grid_size,obstacle_density,pit_density,num_robots,enable_removal,seed,success_rate,total_robot_cost,total_sandbag_cost,total_removal_cost,total_energy,pits_filled,replan_iterations,runtime_ms
20,0.1,0.05,5,False,42,1.0,63.0,0.0,0.0,63.0,0,1,1.08
20,0.1,0.05,5,True,42,1.0,63.0,0.0,0.0,63.0,0,1,6.38
20,0.1,0.05,5,False,43,1.0,47.0,0.0,0.0,47.0,0,1,0.66
20,0.1,0.05,5,True,43,1.0,47.0,0.0,0.0,47.0,0,1,2.78
20,0.1,0.05,5,False,44,1.0,56.0,0.0,0.0,56.0,0,1,0.92
20,0.1,0.05,5,True,44,1.0,56.0,0.0,0.0,56.0,0,1,7.43
20,0.1,0.05,5,False,45,1.0,73.0,0.0,0.0,73.0,0,1,1.28
20,0.1,0.05,5,True,45,1.0,73.0,0.0,0.0,73.0,0,1,11.59
20,0.1,0.05,5,False,46,1.0,51.0,0.0,0.0,51.0,0,1,0.99
20,0.1,0.05,5,True,46,1.0,51.0,0.0,0.0,51.0,0,1,6.94
20,0.1,0.05,10,False,42,0.9,103.0,0.0,0.0,103.0,0,1,3.69
20,0.1,0.05,10,True,42,0.9,101.0,36.0,4.0,141.0,4,5,162.94
20,0.1,0.05,10,False,43,1.0,124.0,0.0,0.0,124.0,0,1,2.27
20,0.1,0.05,10,True,43,1.0,124.0,0.0,0.0,124.0,0,1,25.09
20,0.1,0.05,10,False,44,1.0,156.0,0.0,0.0,156.0,0,1,3.21
20,0.1,0.05,10,True,44,1.0,156.0,0.0,0.0,156.0,0,1,35.04
20,0.1,0.05,10,False,45,1.0,132.0,0.0,0.0,132.0,0,1,1.98
20,0.1,0.05,10,True,45,1.0,132.0,0.0,0.0,132.0,0,1,29.93
20,0.1,0.05,10,False,46,1.0,131.0,0.0,0.0,131.0,0,1,2.52
20,0.1,0.05,10,True,46,1.0,123.0,4.0,1.0,128.0,1,2,44.58
20,0.1,0.1,5,False,42,1.0,80.0,0.0,0.0,80.0,0,1,1.1
20,0.1,0.1,5,True,42,1.0,80.0,0.0,0.0,80.0,0,1,22.44
20,0.1,0.1,5,False,43,1.0,38.0,0.0,0.0,38.0,0,1,0.48
20,0.1,0.1,5,True,43,1.0,38.0,0.0,0.0,38.0,0,1,3.55
20,0.1,0.1,5,False,44,1.0,66.0,0.0,0.0,66.0,0,1,1.33
20,0.1,0.1,5,True,44,1.0,66.0,0.0,0.0,66.0,0,1,21.02
20,0.1,0.1,5,False,45,1.0,94.0,0.0,0.0,94.0,0,1,1.91
20,0.1,0.1,5,True,45,1.0,94.0,0.0,0.0,94.0,0,1,34.29
20,0.1,0.1,5,False,46,1.0,64.0,0.0,0.0,64.0,0,1,1.34
20,0.1,0.1,5,True,46,1.0,64.0,0.0,0.0,64.0,0,1,13.58
20,0.1,0.1,10,False,42,1.0,167.0,0.0,0.0,167.0,0,1,2.66
20,0.1,0.1,10,True,42,1.0,167.0,0.0,0.0,167.0,0,1,79.53
20,0.1,0.1,10,False,43,1.0,162.0,0.0,0.0,162.0,0,1,2.53
20,0.1,0.1,10,True,43,1.0,162.0,0.0,0.0,162.0,0,1,61.79
20,0.1,0.1,10,False,44,1.0,125.0,0.0,0.0,125.0,0,1,2.28
20,0.1,0.1,10,True,44,1.0,125.0,0.0,0.0,125.0,0,1,55.14
20,0.1,0.1,10,False,45,1.0,191.0,0.0,0.0,191.0,0,1,4.03
20,0.1,0.1,10,True,45,1.0,191.0,0.0,0.0,191.0,0,1,118.09
20,0.1,0.1,10,False,46,1.0,170.0,0.0,0.0,170.0,0,1,3.35
20,0.1,0.1,10,True,46,1.0,170.0,0.0,0.0,170.0,0,1,79.89
20,0.2,0.05,5,False,42,1.0,94.0,0.0,0.0,94.0,0,1,1.68
20,0.2,0.05,5,True,42,1.0,94.0,0.0,0.0,94.0,0,1,20.42
20,0.2,0.05,5,False,43,0.8,78.0,0.0,0.0,78.0,0,1,1.39
20,0.2,0.05,5,True,43,0.8,76.0,72.0,6.0,154.0,6,7,63.98
20,0.2,0.05,5,False,44,1.0,43.0,0.0,0.0,43.0,0,1,0.46
20,0.2,0.05,5,True,44,1.0,43.0,0.0,0.0,43.0,0,1,2.4
20,0.2,0.05,5,False,45,0.8,64.0,0.0,0.0,64.0,0,1,0.76
20,0.2,0.05,5,True,45,0.8,62.0,64.0,6.0,132.0,6,7,36.0
20,0.2,0.05,5,False,46,1.0,76.0,0.0,0.0,76.0,0,1,1.22
20,0.2,0.05,5,True,46,1.0,76.0,0.0,0.0,76.0,0,1,11.96
20,0.2,0.05,10,False,42,0.9,174.0,0.0,0.0,174.0,0,1,4.39
20,0.2,0.05,10,True,42,0.9,170.0,60.0,6.0,236.0,6,7,360.46
20,0.2,0.05,10,False,43,0.9,114.0,0.0,0.0,114.0,0,1,1.66
20,0.2,0.05,10,True,43,0.9,104.0,80.0,8.0,192.0,8,9,118.28
20,0.2,0.05,10,False,44,1.0,149.0,0.0,0.0,149.0,0,1,2.65
20,0.2,0.05,10,True,44,1.0,149.0,0.0,0.0,149.0,0,1,29.49
20,0.2,0.05,10,False,45,0.9,149.0,0.0,0.0,149.0,0,1,2.53
20,0.2,0.05,10,True,45,0.9,143.0,68.0,7.0,218.0,7,8,166.31
20,0.2,0.05,10,False,46,1.0,156.0,0.0,0.0,156.0,0,1,4.84
20,0.2,0.05,10,True,46,1.0,156.0,0.0,0.0,156.0,0,1,57.31
20,0.2,0.1,5,False,42,1.0,79.0,0.0,0.0,79.0,0,1,1.84
20,0.2,0.1,5,True,42,1.0,69.0,4.0,1.0,74.0,1,2,39.0
20,0.2,0.1,5,False,43,1.0,59.0,0.0,0.0,59.0,0,1,0.81
20,0.2,0.1,5,True,43,1.0,59.0,0.0,0.0,59.0,0,1,9.86
20,0.2,0.1,5,False,44,1.0,136.0,0.0,0.0,136.0,0,1,2.6
20,0.2,0.1,5,True,44,1.0,108.0,12.0,1.0,121.0,1,2,84.85
20,0.2,0.1,5,False,45,1.0,81.0,0.0,0.0,81.0,0,1,1.21
20,0.2,0.1,5,True,45,1.0,81.0,0.0,0.0,81.0,0,1,17.54
20,0.2,0.1,5,False,46,0.8,65.0,0.0,0.0,65.0,0,1,0.85
20,0.2,0.1,5,True,46,0.8,61.0,84.0,10.0,155.0,10,10,147.44
20,0.2,0.1,10,False,42,0.9,161.0,0.0,0.0,161.0,0,1,3.96
20,0.2,0.1,10,True,42,0.9,157.0,60.0,10.0,227.0,10,10,702.05
20,0.2,0.1,10,False,43,0.9,195.0,0.0,0.0,195.0,0,1,4.3
20,0.2,0.1,10,True,43,0.9,177.0,80.0,10.0,267.0,10,10,737.41
20,0.2,0.1,10,False,44,1.0,156.0,0.0,0.0,156.0,0,1,2.12
20,0.2,0.1,10,True,44,1.0,138.0,16.0,1.0,155.0,1,2,73.25
20,0.2,0.1,10,False,45,1.0,180.0,0.0,0.0,180.0,0,1,2.7
20,0.2,0.1,10,True,45,1.0,180.0,0.0,0.0,180.0,0,1,67.41
20,0.2,0.1,10,False,46,0.9,156.0,0.0,0.0,156.0,0,1,2.33
20,0.2,0.1,10,True,46,1.0,146.0,24.0,2.0,172.0,2,3,151.18
30,0.1,0.05,5,False,42,0.8,73.0,0.0,0.0,73.0,0,1,1.03
30,0.1,0.05,5,True,42,0.8,73.0,80.0,7.0,160.0,7,8,53.91
30,0.1,0.05,5,False,43,1.0,102.0,0.0,0.0,102.0,0,1,2.34
30,0.1,0.05,5,True,43,1.0,102.0,0.0,0.0,102.0,0,1,31.79
30,0.1,0.05,5,False,44,1.0,124.0,0.0,0.0,124.0,0,1,2.95
30,0.1,0.05,5,True,44,1.0,124.0,0.0,0.0,124.0,0,1,57.47
30,0.1,0.05,5,False,45,1.0,79.0,0.0,0.0,79.0,0,1,1.21
30,0.1,0.05,5,True,45,1.0,79.0,0.0,0.0,79.0,0,1,20.24
30,0.1,0.05,5,False,46,1.0,146.0,0.0,0.0,146.0,0,1,3.46
30,0.1,0.05,5,True,46,1.0,146.0,0.0,0.0,146.0,0,1,46.7
30,0.1,0.05,10,False,42,0.9,225.0,0.0,0.0,225.0,0,1,6.45
30,0.1,0.05,10,True,42,0.9,225.0,108.0,9.0,342.0,9,10,904.96
30,0.1,0.05,10,False,43,1.0,204.0,0.0,0.0,204.0,0,1,4.19
30,0.1,0.05,10,True,43,1.0,204.0,0.0,0.0,204.0,0,1,89.56
30,0.1,0.05,10,False,44,1.0,219.0,0.0,0.0,219.0,0,1,4.94
30,0.1,0.05,10,True,44,1.0,219.0,0.0,0.0,219.0,0,1,125.86
30,0.1,0.05,10,False,45,1.0,223.0,0.0,0.0,223.0,0,1,3.98
30,0.1,0.05,10,True,45,1.0,223.0,0.0,0.0,223.0,0,1,129.82
30,0.1,0.05,10,False,46,1.0,206.0,0.0,0.0,206.0,0,1,4.37
30,0.1,0.05,10,True,46,1.0,206.0,0.0,0.0,206.0,0,1,70.24
30,0.1,0.1,5,False,42,0.8,68.0,0.0,0.0,68.0,0,1,5.34
30,0.1,0.1,5,True,42,0.8,66.0,108.0,10.0,184.0,10,10,307.36
30,0.1,0.1,5,False,43,1.0,121.0,0.0,0.0,121.0,0,1,2.84
30,0.1,0.1,5,True,43,1.0,121.0,0.0,0.0,121.0,0,1,63.89
30,0.1,0.1,5,False,44,1.0,69.0,0.0,0.0,69.0,0,1,1.29
30,0.1,0.1,5,True,44,1.0,69.0,0.0,0.0,69.0,0,1,23.24
30,0.1,0.1,5,False,45,1.0,119.0,0.0,0.0,119.0,0,1,2.14
30,0.1,0.1,5,True,45,1.0,119.0,0.0,0.0,119.0,0,1,63.05
30,0.1,0.1,5,False,46,1.0,106.0,0.0,0.0,106.0,0,1,3.86
30,0.1,0.1,5,True,46,1.0,106.0,0.0,0.0,106.0,0,1,108.09
30,0.1,0.1,10,False,42,0.9,219.0,0.0,0.0,219.0,0,1,5.28
30,0.1,0.1,10,True,42,0.9,213.0,56.0,10.0,279.0,10,10,1435.13
30,0.1,0.1,10,False,43,1.0,177.0,0.0,0.0,177.0,0,1,3.05
30,0.1,0.1,10,True,43,1.0,177.0,0.0,0.0,177.0,0,1,140.28
30,0.1,0.1,10,False,44,0.9,147.0,0.0,0.0,147.0,0,1,7.04
30,0.1,0.1,10,True,44,0.9,137.0,60.0,10.0,207.0,10,10,1639.36
30,0.1,0.1,10,False,45,0.9,203.0,0.0,0.0,203.0,0,1,7.87
30,0.1,0.1,10,True,45,1.0,237.0,4.0,1.0,242.0,1,2,514.58
30,0.1,0.1,10,False,46,1.0,249.0,0.0,0.0,249.0,0,1,4.89
30,0.1,0.1,10,True,46,1.0,249.0,0.0,0.0,249.0,0,1,198.29
30,0.2,0.05,5,False,42,1.0,155.0,0.0,0.0,155.0,0,1,3.52
30,0.2,0.05,5,True,42,1.0,155.0,0.0,0.0,155.0,0,1,53.49
30,0.2,0.05,5,False,43,1.0,120.0,0.0,0.0,120.0,0,1,2.32
30,0.2,0.05,5,True,43,1.0,120.0,0.0,0.0,120.0,0,1,28.47
30,0.2,0.05,5,False,44,1.0,149.0,0.0,0.0,149.0,0,1,2.86
30,0.2,0.05,5,True,44,1.0,149.0,0.0,0.0,149.0,0,1,54.7
30,0.2,0.05,5,False,45,1.0,153.0,0.0,0.0,153.0,0,1,3.31
30,0.2,0.05,5,True,45,1.0,153.0,0.0,0.0,153.0,0,1,57.78
30,0.2,0.05,5,False,46,1.0,99.0,0.0,0.0,99.0,0,1,1.84
30,0.2,0.05,5,True,46,1.0,99.0,0.0,0.0,99.0,0,1,15.23
30,0.2,0.05,10,False,42,1.0,312.0,0.0,0.0,312.0,0,1,7.7
30,0.2,0.05,10,True,42,1.0,312.0,0.0,0.0,312.0,0,1,169.95
30,0.2,0.05,10,False,43,1.0,172.0,0.0,0.0,172.0,0,1,3.12
30,0.2,0.05,10,True,43,1.0,172.0,0.0,0.0,172.0,0,1,61.53
30,0.2,0.05,10,False,44,1.0,277.0,0.0,0.0,277.0,0,1,5.78
30,0.2,0.05,10,True,44,1.0,277.0,0.0,0.0,277.0,0,1,115.9
30,0.2,0.05,10,False,45,1.0,246.0,0.0,0.0,246.0,0,1,5.23
30,0.2,0.05,10,True,45,1.0,246.0,0.0,0.0,246.0,0,1,105.39
30,0.2,0.05,10,False,46,1.0,229.0,0.0,0.0,229.0,0,1,5.77
30,0.2,0.05,10,True,46,1.0,229.0,0.0,0.0,229.0,0,1,115.33
30,0.2,0.1,5,False,42,1.0,146.0,0.0,0.0,146.0,0,1,3.23
30,0.2,0.1,5,True,42,1.0,146.0,0.0,0.0,146.0,0,1,87.86
30,0.2,0.1,5,False,43,1.0,140.0,0.0,0.0,140.0,0,1,2.68
30,0.2,0.1,5,True,43,1.0,130.0,4.0,1.0,135.0,1,2,115.96
30,0.2,0.1,5,False,44,0.8,130.0,0.0,0.0,130.0,0,1,5.46
30,0.2,0.1,5,True,44,0.8,126.0,72.0,10.0,208.0,10,10,880.15
30,0.2,0.1,5,False,45,1.0,93.0,0.0,0.0,93.0,0,1,2.35
30,0.2,0.1,5,True,45,1.0,93.0,0.0,0.0,93.0,0,1,46.98
30,0.2,0.1,5,False,46,1.0,159.0,0.0,0.0,159.0,0,1,3.48
30,0.2,0.1,5,True,46,1.0,159.0,0.0,0.0,159.0,0,1,82.92
30,0.2,0.1,10,False,42,0.9,181.0,0.0,0.0,181.0,0,1,6.5
30,0.2,0.1,10,True,42,0.9,175.0,52.0,10.0,237.0,10,10,1732.82
30,0.2,0.1,10,False,43,1.0,231.0,0.0,0.0,231.0,0,1,3.63
30,0.2,0.1,10,True,43,1.0,223.0,4.0,1.0,228.0,1,2,279.56
30,0.2,0.1,10,False,44,0.7,184.0,0.0,0.0,184.0,0,1,10.03
30,0.2,0.1,10,True,44,0.7,152.0,72.0,10.0,234.0,10,10,2250.21
30,0.2,0.1,10,False,45,1.0,215.0,0.0,0.0,215.0,0,1,5.17
30,0.2,0.1,10,True,45,1.0,215.0,0.0,0.0,215.0,0,1,168.32
30,0.2,0.1,10,False,46,1.0,233.0,0.0,0.0,233.0,0,1,5.03
30,0.2,0.1,10,True,46,1.0,205.0,12.0,1.0,218.0,1,2,264.34
