grid_size,obstacle_density,heuristic,seed,success,path_cost,nodes_expanded,runtime_ms,path_length
20,0.1,manhattan,42,True,7.0,16,0.1248,8
20,0.1,manhattan,43,True,15.0,43,0.2749,16
20,0.1,manhattan,44,True,11.0,29,0.1772,12
20,0.1,manhattan,45,True,2.0,4,0.0235,3
20,0.1,manhattan,46,True,15.0,28,0.171,16
20,0.1,manhattan,47,True,5.0,11,0.059,6
20,0.1,manhattan,48,True,13.0,36,0.2212,14
20,0.1,manhattan,49,True,12.0,37,0.224,13
20,0.1,manhattan,50,True,17.0,40,0.2426,18
20,0.1,manhattan,51,True,8.0,16,0.0912,9
20,0.1,euclidean,42,True,7.0,16,0.1015,8
20,0.1,euclidean,43,True,15.0,46,0.284,16
20,0.1,euclidean,44,True,11.0,37,0.2203,12
20,0.1,euclidean,45,True,2.0,4,0.023,3
20,0.1,euclidean,46,True,15.0,30,0.1847,16
20,0.1,euclidean,47,True,5.0,10,0.0537,6
20,0.1,euclidean,48,True,13.0,45,0.2705,14
20,0.1,euclidean,49,True,12.0,51,0.2984,13
20,0.1,euclidean,50,True,17.0,44,0.2737,18
20,0.1,euclidean,51,True,8.0,12,0.0746,9
20,0.1,chebyshev,42,True,7.0,19,0.114,8
20,0.1,chebyshev,43,True,15.0,69,0.3982,16
20,0.1,chebyshev,44,True,11.0,46,0.2737,12
20,0.1,chebyshev,45,True,2.0,4,0.0228,3
20,0.1,chebyshev,46,True,15.0,34,0.2008,16
20,0.1,chebyshev,47,True,5.0,11,0.0582,6
20,0.1,chebyshev,48,True,13.0,57,0.3419,14
20,0.1,chebyshev,49,True,12.0,63,0.3683,13
20,0.1,chebyshev,50,True,17.0,52,0.3238,18
20,0.1,chebyshev,51,True,8.0,14,0.0823,9
20,0.2,manhattan,42,True,20.0,79,0.4395,21
20,0.2,manhattan,43,True,11.0,30,0.1656,12
20,0.2,manhattan,44,False,inf,319,1.764,0
20,0.2,manhattan,45,True,15.0,34,0.1975,16
20,0.2,manhattan,46,True,6.0,9,0.0528,7
20,0.2,manhattan,47,True,17.0,37,0.2058,18
20,0.2,manhattan,48,True,23.0,79,0.4503,24
20,0.2,manhattan,49,True,26.0,85,0.5145,27
20,0.2,manhattan,50,True,11.0,22,0.1287,12
20,0.2,manhattan,51,True,8.0,12,0.0666,9
20,0.2,euclidean,42,True,20.0,94,0.5385,21
20,0.2,euclidean,43,True,11.0,31,0.1732,12
20,0.2,euclidean,44,False,inf,319,1.7096,0
20,0.2,euclidean,45,True,15.0,52,0.3054,16
20,0.2,euclidean,46,True,6.0,10,0.0597,7
20,0.2,euclidean,47,True,17.0,64,0.3592,18
20,0.2,euclidean,48,True,23.0,101,0.5731,24
20,0.2,euclidean,49,True,26.0,138,0.7823,27
20,0.2,euclidean,50,True,11.0,28,0.1647,12
20,0.2,euclidean,51,True,8.0,14,0.0791,9
20,0.2,chebyshev,42,True,20.0,108,0.6028,21
20,0.2,chebyshev,43,True,11.0,33,0.1831,12
20,0.2,chebyshev,44,False,inf,319,1.6895,0
20,0.2,chebyshev,45,True,15.0,64,0.3505,16
20,0.2,chebyshev,46,True,6.0,14,0.0833,7
20,0.2,chebyshev,47,True,17.0,76,0.4108,18
20,0.2,chebyshev,48,True,23.0,123,0.675,24
20,0.2,chebyshev,49,True,26.0,174,0.9678,27
20,0.2,chebyshev,50,True,11.0,30,0.1699,12
20,0.2,chebyshev,51,True,8.0,18,0.1007,9
20,0.3,manhattan,42,True,18.0,47,0.269,19
20,0.3,manhattan,43,True,9.0,22,0.1273,10
20,0.3,manhattan,44,True,39.0,100,0.5276,40
20,0.3,manhattan,45,True,17.0,49,0.2695,18
20,0.3,manhattan,46,True,20.0,39,0.2214,21
20,0.3,manhattan,47,False,inf,267,1.3657,0
20,0.3,manhattan,48,True,3.0,6,0.0311,4
20,0.3,manhattan,49,True,35.0,85,0.4482,36
20,0.3,manhattan,50,True,5.0,6,0.0355,6
20,0.3,manhattan,51,False,inf,264,1.3871,0
20,0.3,euclidean,42,True,18.0,63,0.3529,19
20,0.3,euclidean,43,True,9.0,26,0.1462,10
20,0.3,euclidean,44,True,39.0,125,0.6556,40
20,0.3,euclidean,45,True,17.0,62,0.3358,18
20,0.3,euclidean,46,True,20.0,42,0.2302,21
20,0.3,euclidean,47,False,inf,267,1.5478,0
20,0.3,euclidean,48,True,3.0,6,0.0414,4
20,0.3,euclidean,49,True,35.0,111,0.5962,36
20,0.3,euclidean,50,True,5.0,6,0.0377,6
20,0.3,euclidean,51,False,inf,264,1.3865,0
20,0.3,chebyshev,42,True,18.0,80,0.4324,19
20,0.3,chebyshev,43,True,9.0,30,0.1655,10
20,0.3,chebyshev,44,True,39.0,135,0.6968,40
20,0.3,chebyshev,45,True,17.0,73,0.3937,18
20,0.3,chebyshev,46,True,20.0,48,0.259,21
20,0.3,chebyshev,47,False,inf,267,1.3787,0
20,0.3,chebyshev,48,True,3.0,7,0.0352,4
20,0.3,chebyshev,49,True,35.0,134,0.7069,36
20,0.3,chebyshev,50,True,5.0,7,0.0419,6
20,0.3,chebyshev,51,False,inf,264,1.3701,0
30,0.1,manhattan,42,True,13.0,39,0.2445,14
30,0.1,manhattan,43,True,13.0,26,0.1562,14
30,0.1,manhattan,44,True,31.0,229,1.4708,32
30,0.1,manhattan,45,True,20.0,52,0.316,21
30,0.1,manhattan,46,True,16.0,48,0.2993,17
30,0.1,manhattan,47,True,9.0,19,0.1148,10
30,0.1,manhattan,48,True,12.0,35,0.2055,13
30,0.1,manhattan,49,True,24.0,127,0.7731,25
30,0.1,manhattan,50,True,15.0,43,0.2604,16
30,0.1,manhattan,51,True,15.0,32,0.1767,16
30,0.1,euclidean,42,True,13.0,51,0.3112,14
30,0.1,euclidean,43,True,13.0,33,0.199,14
30,0.1,euclidean,44,True,31.0,293,1.7089,32
30,0.1,euclidean,45,True,20.0,127,0.7498,21
30,0.1,euclidean,46,True,16.0,61,0.372,17
30,0.1,euclidean,47,True,9.0,19,0.1179,10
30,0.1,euclidean,48,True,12.0,40,0.2351,13
30,0.1,euclidean,49,True,24.0,172,0.999,25
30,0.1,euclidean,50,True,15.0,50,0.3014,16
30,0.1,euclidean,51,True,15.0,43,0.236,16
30,0.1,chebyshev,42,True,13.0,62,0.3634,14
30,0.1,chebyshev,43,True,13.0,46,0.2619,14
30,0.1,chebyshev,44,True,31.0,315,1.7978,32
30,0.1,chebyshev,45,True,20.0,142,0.8193,21
30,0.1,chebyshev,46,True,16.0,80,0.4658,17
30,0.1,chebyshev,47,True,9.0,30,0.1805,10
30,0.1,chebyshev,48,True,12.0,48,0.2853,13
30,0.1,chebyshev,49,True,24.0,215,1.2429,25
30,0.1,chebyshev,50,True,15.0,55,0.3406,16
30,0.1,chebyshev,51,True,15.0,52,0.2778,16
30,0.2,manhattan,42,True,16.0,44,0.2503,17
30,0.2,manhattan,43,True,30.0,112,0.6688,31
30,0.2,manhattan,44,True,8.0,15,0.0869,9
30,0.2,manhattan,45,True,43.0,181,1.0919,44
30,0.2,manhattan,46,True,24.0,56,0.3365,25
30,0.2,manhattan,47,True,39.0,129,0.7801,40
30,0.2,manhattan,48,True,11.0,12,0.0776,12
30,0.2,manhattan,49,True,25.0,75,0.4338,26
30,0.2,manhattan,50,False,inf,717,4.1432,0
30,0.2,manhattan,51,True,7.0,14,0.0833,8
30,0.2,euclidean,42,True,16.0,55,0.3232,17
30,0.2,euclidean,43,True,30.0,196,1.1322,31
30,0.2,euclidean,44,True,8.0,11,0.0692,9
30,0.2,euclidean,45,True,43.0,415,2.4228,44
30,0.2,euclidean,46,True,24.0,84,0.506,25
30,0.2,euclidean,47,True,39.0,375,2.1816,40
30,0.2,euclidean,48,True,11.0,12,0.0812,12
30,0.2,euclidean,49,True,25.0,139,0.8778,26
30,0.2,euclidean,50,False,inf,717,4.1575,0
30,0.2,euclidean,51,True,7.0,15,0.096,8
30,0.2,chebyshev,42,True,16.0,65,0.3641,17
30,0.2,chebyshev,43,True,30.0,247,1.3878,31
30,0.2,chebyshev,44,True,8.0,13,0.083,9
30,0.2,chebyshev,45,True,43.0,483,2.7365,44
30,0.2,chebyshev,46,True,24.0,98,0.5649,25
30,0.2,chebyshev,47,True,39.0,413,2.3648,40
30,0.2,chebyshev,48,True,11.0,12,0.0849,12
30,0.2,chebyshev,49,True,25.0,182,1.072,26
30,0.2,chebyshev,50,False,inf,717,3.9439,0
30,0.2,chebyshev,51,True,7.0,16,0.0959,8
30,0.3,manhattan,42,True,21.0,60,0.3405,22
30,0.3,manhattan,43,True,39.0,152,0.8947,40
30,0.3,manhattan,44,True,38.0,242,1.3639,39
30,0.3,manhattan,45,True,34.0,117,0.6373,35
30,0.3,manhattan,46,True,39.0,87,0.496,40
30,0.3,manhattan,47,True,14.0,47,0.2588,15
30,0.3,manhattan,48,True,35.0,145,0.7755,36
30,0.3,manhattan,49,True,33.0,127,0.7321,34
30,0.3,manhattan,50,True,12.0,33,0.1765,13
30,0.3,manhattan,51,False,inf,584,3.1463,0
30,0.3,euclidean,42,True,21.0,103,0.5986,22
30,0.3,euclidean,43,True,39.0,252,1.4179,40
30,0.3,euclidean,44,True,38.0,267,1.4613,39
30,0.3,euclidean,45,True,34.0,164,0.8948,35
30,0.3,euclidean,46,True,39.0,181,1.043,40
30,0.3,euclidean,47,True,14.0,48,0.2685,15
30,0.3,euclidean,48,True,35.0,202,1.1799,36
30,0.3,euclidean,49,True,33.0,228,1.2813,34
30,0.3,euclidean,50,True,12.0,34,0.184,13
30,0.3,euclidean,51,False,inf,584,3.3227,0
30,0.3,chebyshev,42,True,21.0,118,0.6536,22
30,0.3,chebyshev,43,True,39.0,277,1.5084,40
30,0.3,chebyshev,44,True,38.0,279,1.4941,39
30,0.3,chebyshev,45,True,34.0,182,0.9778,35
30,0.3,chebyshev,46,True,39.0,246,1.5189,40
30,0.3,chebyshev,47,True,14.0,50,0.2975,15
30,0.3,chebyshev,48,True,35.0,245,1.3566,36
30,0.3,chebyshev,49,True,33.0,270,1.5135,34
30,0.3,chebyshev,50,True,12.0,38,0.2065,13
30,0.3,chebyshev,51,False,inf,584,3.1641,0
40,0.1,manhattan,42,True,23.0,48,0.2987,24
40,0.1,manhattan,43,True,39.0,100,0.6255,40
40,0.1,manhattan,44,True,24.0,78,0.4644,25
40,0.1,manhattan,45,True,48.0,268,1.7123,49
40,0.1,manhattan,46,True,54.0,546,3.5901,55
40,0.1,manhattan,47,True,41.0,236,1.4695,42
40,0.1,manhattan,48,True,28.0,125,0.7687,29
40,0.1,manhattan,49,True,7.0,16,0.0921,8
40,0.1,manhattan,50,True,5.0,10,0.0563,6
40,0.1,manhattan,51,True,38.0,172,1.0473,39
40,0.1,euclidean,42,True,23.0,79,0.4865,24
40,0.1,euclidean,43,True,39.0,164,1.0202,40
40,0.1,euclidean,44,True,24.0,103,0.6181,25
40,0.1,euclidean,45,True,48.0,683,4.0727,49
40,0.1,euclidean,46,True,54.0,749,4.3206,55
40,0.1,euclidean,47,True,41.0,447,2.649,42
40,0.1,euclidean,48,True,28.0,224,1.2798,29
40,0.1,euclidean,49,True,7.0,16,0.1184,8
40,0.1,euclidean,50,True,5.0,10,0.0594,6
40,0.1,euclidean,51,True,38.0,423,2.5086,39
40,0.1,chebyshev,42,True,23.0,109,0.6508,24
40,0.1,chebyshev,43,True,39.0,172,1.0437,40
40,0.1,chebyshev,44,True,24.0,137,0.8036,25
40,0.1,chebyshev,45,True,48.0,824,4.837,49
40,0.1,chebyshev,46,True,54.0,763,4.337,55
40,0.1,chebyshev,47,True,41.0,526,3.0555,42
40,0.1,chebyshev,48,True,28.0,259,1.4822,29
40,0.1,chebyshev,49,True,7.0,18,0.1026,8
40,0.1,chebyshev,50,True,5.0,11,0.0606,6
40,0.1,chebyshev,51,True,38.0,507,2.9418,39
40,0.2,manhattan,42,True,33.0,125,0.7541,34
40,0.2,manhattan,43,True,29.0,101,0.5995,30
40,0.2,manhattan,44,True,38.0,115,0.6763,39
40,0.2,manhattan,45,True,15.0,24,0.1398,16
40,0.2,manhattan,46,True,17.0,41,0.2412,18
40,0.2,manhattan,47,True,18.0,46,0.2687,19
40,0.2,manhattan,48,False,inf,1,0.0054,0
40,0.2,manhattan,49,True,30.0,108,0.6509,31
40,0.2,manhattan,50,True,32.0,115,0.6699,33
40,0.2,manhattan,51,True,25.0,101,0.6274,26
40,0.2,euclidean,42,True,33.0,246,1.4035,34
40,0.2,euclidean,43,True,29.0,211,1.2704,30
40,0.2,euclidean,44,True,38.0,329,1.9245,39
40,0.2,euclidean,45,True,15.0,31,0.1854,16
40,0.2,euclidean,46,True,17.0,65,0.3776,18
40,0.2,euclidean,47,True,18.0,56,0.3262,19
40,0.2,euclidean,48,False,inf,1,0.0056,0
40,0.2,euclidean,49,True,30.0,261,1.5235,31
40,0.2,euclidean,50,True,32.0,177,1.0395,33
40,0.2,euclidean,51,True,25.0,187,1.0807,26
40,0.2,chebyshev,42,True,33.0,277,1.5522,34
40,0.2,chebyshev,43,True,29.0,233,1.2864,30
40,0.2,chebyshev,44,True,38.0,393,2.2645,39
40,0.2,chebyshev,45,True,15.0,47,0.2691,16
40,0.2,chebyshev,46,True,17.0,73,0.4049,18
40,0.2,chebyshev,47,True,18.0,66,0.3771,19
40,0.2,chebyshev,48,False,inf,1,0.0054,0
40,0.2,chebyshev,49,True,30.0,285,1.6222,31
40,0.2,chebyshev,50,True,32.0,224,1.2835,33
40,0.2,chebyshev,51,True,25.0,215,1.2311,26
40,0.3,manhattan,42,True,25.0,69,0.3855,26
40,0.3,manhattan,43,True,50.0,351,2.0211,51
40,0.3,manhattan,44,True,18.0,33,0.1908,19
40,0.3,manhattan,45,True,22.0,58,0.3398,23
40,0.3,manhattan,46,True,46.0,213,1.2302,47
40,0.3,manhattan,47,True,14.0,27,0.1646,15
40,0.3,manhattan,48,True,49.0,145,0.788,50
40,0.3,manhattan,49,True,27.0,57,0.3117,28
40,0.3,manhattan,50,True,49.0,310,1.7657,50
40,0.3,manhattan,51,False,inf,8,0.0357,0
40,0.3,euclidean,42,True,25.0,110,0.6162,26
40,0.3,euclidean,43,True,50.0,523,3.0088,51
40,0.3,euclidean,44,True,18.0,43,0.2424,19
40,0.3,euclidean,45,True,22.0,72,0.4347,23
40,0.3,euclidean,46,True,46.0,443,2.5587,47
40,0.3,euclidean,47,True,14.0,32,0.1962,15
40,0.3,euclidean,48,True,49.0,216,1.3711,50
40,0.3,euclidean,49,True,27.0,68,0.3665,28
40,0.3,euclidean,50,True,49.0,368,2.0255,50
40,0.3,euclidean,51,False,inf,8,0.0377,0
40,0.3,chebyshev,42,True,25.0,120,0.6499,26
40,0.3,chebyshev,43,True,50.0,607,3.4435,51
40,0.3,chebyshev,44,True,18.0,55,0.3054,19
40,0.3,chebyshev,45,True,22.0,89,0.507,23
40,0.3,chebyshev,46,True,46.0,518,2.9262,47
40,0.3,chebyshev,47,True,14.0,40,0.2328,15
40,0.3,chebyshev,48,True,49.0,252,1.3588,50
40,0.3,chebyshev,49,True,27.0,68,0.3665,28
40,0.3,chebyshev,50,True,49.0,398,2.189,50
40,0.3,chebyshev,51,False,inf,8,0.0362,0
