grid_size,obstacle_density,num_robots,algorithm,seed,success_rate,total_cost,makespan,conflict_count,replan_count,runtime_ms
20,0.1,2,independent,42,1.0,27,18,0,0,0.52
20,0.1,2,independent,43,1.0,32,18,0,0,0.61
20,0.1,2,independent,44,1.0,29,16,0,0,0.48
20,0.1,2,independent,45,1.0,28,16,0,0,0.6
20,0.1,2,independent,46,1.0,36,20,0,0,0.78
20,0.1,2,prioritized,42,1.0,27,18,0,0,0.93
20,0.1,2,prioritized,43,1.0,32,18,0,0,0.93
20,0.1,2,prioritized,44,1.0,29,16,0,0,0.84
20,0.1,2,prioritized,45,1.0,28,16,0,0,0.86
20,0.1,2,prioritized,46,1.0,36,20,0,0,1.11
20,0.1,2,agentic,42,1.0,27,18,0,0,4.66
20,0.1,2,agentic,43,1.0,32,18,0,0,0.65
20,0.1,2,agentic,44,1.0,29,16,0,0,0.52
20,0.1,2,agentic,45,1.0,28,16,0,0,0.65
20,0.1,2,agentic,46,1.0,36,20,0,0,0.82
20,0.1,5,independent,42,1.0,65,21,2,0,1.25
20,0.1,5,independent,43,1.0,44,15,1,0,0.54
20,0.1,5,independent,44,1.0,81,26,3,0,1.53
20,0.1,5,independent,45,1.0,77,19,0,0,1.35
20,0.1,5,independent,46,1.0,61,26,0,0,1.15
20,0.1,5,prioritized,42,1.0,65,21,0,0,1.45
20,0.1,5,prioritized,43,1.0,46,17,0,0,1.18
20,0.1,5,prioritized,44,1.0,82,26,0,0,2.53
20,0.1,5,prioritized,45,1.0,77,19,0,0,2.33
20,0.1,5,prioritized,46,1.0,61,26,0,0,1.99
20,0.1,5,agentic,42,1.0,69,21,0,5,12.15
20,0.1,5,agentic,43,1.0,48,19,0,5,3.91
20,0.1,5,agentic,44,1.0,82,26,0,1,2.97
20,0.1,5,agentic,45,1.0,77,19,0,0,1.57
20,0.1,5,agentic,46,1.0,61,26,0,0,1.36
20,0.1,10,independent,42,1.0,174,24,3,0,3.89
20,0.1,10,independent,43,1.0,140,22,0,0,2.77
20,0.1,10,independent,44,1.0,130,18,1,0,2.44
20,0.1,10,independent,45,1.0,133,27,1,0,3.1
20,0.1,10,independent,46,1.0,116,24,1,0,2.39
20,0.1,10,prioritized,42,1.0,178,26,0,0,8.79
20,0.1,10,prioritized,43,1.0,140,22,0,0,4.96
20,0.1,10,prioritized,44,1.0,134,20,0,0,4.49
20,0.1,10,prioritized,45,1.0,135,27,0,0,4.97
20,0.1,10,prioritized,46,0.9,93,24,0,0,2.77
20,0.1,10,agentic,42,1.0,188,37,2,15,27.45
20,0.1,10,agentic,43,1.0,140,22,0,0,3.66
20,0.1,10,agentic,44,1.0,135,18,0,5,16.7
20,0.1,10,agentic,45,1.0,133,27,0,3,7.91
20,0.1,10,agentic,46,1.0,123,24,0,7,15.24
20,0.1,15,independent,42,1.0,237,32,7,0,5.15
20,0.1,15,independent,43,1.0,206,23,15,0,4.33
20,0.1,15,independent,44,1.0,228,29,7,0,5.17
20,0.1,15,independent,45,1.0,236,33,7,0,6.53
20,0.1,15,independent,46,1.0,192,28,8,0,4.17
20,0.1,15,prioritized,42,0.9333,225,32,0,0,9.88
20,0.1,15,prioritized,43,1.0,217,24,0,0,10.16
20,0.1,15,prioritized,44,1.0,235,29,0,0,8.82
20,0.1,15,prioritized,45,0.9333,225,33,0,0,8.15
20,0.1,15,prioritized,46,0.9333,178,28,0,0,6.7
20,0.1,15,agentic,42,1.0,244,32,5,15,88.66
20,0.1,15,agentic,43,1.0,215,23,2,15,86.32
20,0.1,15,agentic,44,1.0,236,29,4,15,72.68
20,0.1,15,agentic,45,1.0,237,33,2,15,41.59
20,0.1,15,agentic,46,1.0,207,43,7,15,112.43
20,0.2,2,independent,42,1.0,39,22,0,0,0.73
20,0.2,2,independent,43,1.0,22,13,0,0,0.28
20,0.2,2,independent,44,0.5,23,23,0,0,0.46
20,0.2,2,independent,45,1.0,25,13,0,0,0.39
20,0.2,2,independent,46,1.0,25,21,0,0,0.47
20,0.2,2,prioritized,42,1.0,39,22,0,0,1.76
20,0.2,2,prioritized,43,1.0,22,13,0,0,0.67
20,0.2,2,prioritized,44,0.5,23,23,0,0,1.51
20,0.2,2,prioritized,45,1.0,25,13,0,0,0.73
20,0.2,2,prioritized,46,1.0,25,21,0,0,0.77
20,0.2,2,agentic,42,1.0,39,22,0,0,0.8
20,0.2,2,agentic,43,1.0,22,13,0,0,0.32
20,0.2,2,agentic,44,0.5,23,23,0,0,0.49
20,0.2,2,agentic,45,1.0,25,13,0,0,0.43
20,0.2,2,agentic,46,1.0,25,21,0,0,0.52
20,0.2,5,independent,42,1.0,61,19,0,0,1.07
20,0.2,5,independent,43,1.0,89,24,0,0,1.44
20,0.2,5,independent,44,0.8,89,37,2,0,1.54
20,0.2,5,independent,45,1.0,49,15,0,0,0.71
20,0.2,5,independent,46,1.0,105,26,1,0,2.06
20,0.2,5,prioritized,42,1.0,61,19,0,0,1.95
20,0.2,5,prioritized,43,1.0,89,24,0,0,1.92
20,0.2,5,prioritized,44,0.8,91,37,0,0,8.84
20,0.2,5,prioritized,45,0.8,42,15,0,0,1.04
20,0.2,5,prioritized,46,1.0,107,26,0,0,5.52
20,0.2,5,agentic,42,1.0,61,19,0,0,1.28
20,0.2,5,agentic,43,1.0,89,24,0,0,1.69
20,0.2,5,agentic,44,0.8,104,46,2,15,13.4
20,0.2,5,agentic,45,1.0,49,15,0,0,0.88
20,0.2,5,agentic,46,1.0,120,36,1,15,20.45
20,0.2,10,independent,42,0.9,151,32,2,0,4.69
20,0.2,10,independent,43,1.0,145,30,4,0,2.86
20,0.2,10,independent,44,0.9,170,33,6,0,3.24
20,0.2,10,independent,45,1.0,123,23,3,0,2.39
20,0.2,10,independent,46,0.9,116,20,3,0,3.57
20,0.2,10,prioritized,42,0.9,153,32,0,0,473.26
20,0.2,10,prioritized,43,1.0,147,30,0,0,4.46
20,0.2,10,prioritized,44,0.9,170,33,0,0,8.38
20,0.2,10,prioritized,45,0.9,102,21,0,0,4.44
20,0.2,10,prioritized,46,0.9,119,22,0,0,448.17
20,0.2,10,agentic,42,0.9,152,33,0,1,7.97
20,0.2,10,agentic,43,1.0,148,30,0,4,8.91
20,0.2,10,agentic,44,0.9,184,33,7,15,73.47
20,0.2,10,agentic,45,1.0,137,37,4,15,50.93
20,0.2,10,agentic,46,0.9,130,31,1,15,41.84
20,0.2,15,independent,42,0.8667,191,26,7,0,8.0
20,0.2,15,independent,43,1.0,222,23,16,0,4.66
20,0.2,15,independent,44,0.9333,220,34,3,0,4.87
20,0.2,15,independent,45,1.0,186,26,9,0,3.69
20,0.2,15,independent,46,0.9333,217,28,6,0,6.55
20,0.2,15,prioritized,42,0.8,194,32,0,0,921.56
20,0.2,15,prioritized,43,1.0,227,23,0,0,7.44
20,0.2,15,prioritized,44,0.9333,224,34,0,0,15.24
20,0.2,15,prioritized,45,1.0,200,28,0,0,9.36
20,0.2,15,prioritized,46,0.9333,226,28,0,0,460.92
20,0.2,15,agentic,42,0.8667,206,26,7,15,104.78
20,0.2,15,agentic,43,1.0,237,26,4,15,143.9
20,0.2,15,agentic,44,0.9333,220,34,0,2,11.92
20,0.2,15,agentic,45,1.0,201,26,9,15,97.67
20,0.2,15,agentic,46,0.9333,229,28,0,12,22.53
20,0.3,2,independent,42,1.0,37,32,0,0,0.57
20,0.3,2,independent,43,1.0,40,21,0,0,0.63
20,0.3,2,independent,44,1.0,24,20,0,0,0.25
20,0.3,2,independent,45,1.0,28,14,0,0,0.41
20,0.3,2,independent,46,1.0,24,21,0,0,0.24
20,0.3,2,prioritized,42,1.0,37,32,0,0,3.72
20,0.3,2,prioritized,43,1.0,40,21,0,0,1.38
20,0.3,2,prioritized,44,1.0,24,20,0,0,0.46
20,0.3,2,prioritized,45,1.0,32,18,0,0,1.88
20,0.3,2,prioritized,46,1.0,24,21,0,0,0.39
20,0.3,2,agentic,42,1.0,37,32,0,0,0.62
20,0.3,2,agentic,43,1.0,40,21,0,0,0.67
20,0.3,2,agentic,44,1.0,24,20,0,0,0.29
20,0.3,2,agentic,45,1.0,28,14,0,0,0.44
20,0.3,2,agentic,46,1.0,24,21,0,0,0.28
20,0.3,5,independent,42,1.0,94,37,4,0,2.1
20,0.3,5,independent,43,0.8,51,16,0,0,2.17
20,0.3,5,independent,44,1.0,123,32,0,0,1.94
20,0.3,5,independent,45,1.0,45,20,0,0,0.73
20,0.3,5,independent,46,0.8,42,17,0,0,0.56
20,0.3,5,prioritized,42,1.0,98,39,0,0,16.71
20,0.3,5,prioritized,43,0.8,51,16,0,0,338.33
20,0.3,5,prioritized,44,1.0,125,32,0,0,7.29
20,0.3,5,prioritized,45,1.0,45,20,0,0,2.03
20,0.3,5,prioritized,46,0.8,42,17,0,0,1.77
20,0.3,5,agentic,42,1.0,109,52,3,15,27.02
20,0.3,5,agentic,43,0.8,51,16,0,0,2.29
20,0.3,5,agentic,44,1.0,123,32,0,0,2.26
20,0.3,5,agentic,45,1.0,45,20,0,0,0.89
20,0.3,5,agentic,46,0.8,42,17,0,0,0.68
20,0.3,10,independent,42,1.0,205,45,11,0,4.36
20,0.3,10,independent,43,0.8,117,24,1,0,3.71
20,0.3,10,independent,44,1.0,238,35,9,0,4.78
20,0.3,10,independent,45,0.9,120,21,3,0,3.65
20,0.3,10,independent,46,0.9,101,22,2,0,1.63
20,0.3,10,prioritized,42,0.7,123,36,1,0,672.17
20,0.3,10,prioritized,43,0.8,117,24,0,0,401.9
20,0.3,10,prioritized,44,1.0,251,36,0,0,28.41
20,0.3,10,prioritized,45,0.8,114,29,0,0,380.91
20,0.3,10,prioritized,46,0.9,104,22,0,0,4.86
20,0.3,10,agentic,42,1.0,210,46,9,15,102.6
20,0.3,10,agentic,43,0.8,123,24,0,6,12.27
20,0.3,10,agentic,44,1.0,253,44,8,15,111.67
20,0.3,10,agentic,45,0.9,135,23,3,15,38.79
20,0.3,10,agentic,46,0.9,116,30,2,15,36.29
20,0.3,15,independent,42,1.0,327,36,26,0,10.0
20,0.3,15,independent,43,0.8,184,22,13,0,5.18
20,0.3,15,independent,44,1.0,211,32,9,0,4.24
20,0.3,15,independent,45,0.9333,179,23,4,0,3.45
20,0.3,15,independent,46,0.9333,213,27,11,0,4.24
20,0.3,15,prioritized,42,0.8,288,42,1,0,846.43
20,0.3,15,prioritized,43,0.6,136,24,0,0,1202.7
20,0.3,15,prioritized,44,0.8667,172,32,0,0,404.25
20,0.3,15,prioritized,45,0.9333,186,23,0,0,7.73
20,0.3,15,prioritized,46,0.8667,219,32,0,0,16.25
20,0.3,15,agentic,42,1.0,342,36,25,15,246.16
20,0.3,15,agentic,43,0.8,197,28,20,15,147.57
20,0.3,15,agentic,44,1.0,226,40,11,15,129.3
20,0.3,15,agentic,45,0.9333,182,23,4,15,38.37
20,0.3,15,agentic,46,0.9333,227,27,13,15,93.5
30,0.1,2,independent,42,1.0,41,26,0,0,1.04
30,0.1,2,independent,43,1.0,28,23,0,0,0.48
30,0.1,2,independent,44,1.0,35,26,0,0,0.95
30,0.1,2,independent,45,1.0,19,14,0,0,0.31
30,0.1,2,independent,46,1.0,30,16,0,0,0.53
30,0.1,2,prioritized,42,1.0,41,26,0,0,1.79
30,0.1,2,prioritized,43,1.0,28,23,0,0,1.16
30,0.1,2,prioritized,44,1.0,35,26,0,0,1.37
30,0.1,2,prioritized,45,1.0,19,14,0,0,0.41
30,0.1,2,prioritized,46,1.0,30,16,0,0,1.07
30,0.1,2,agentic,42,1.0,41,26,0,0,1.05
30,0.1,2,agentic,43,1.0,28,23,0,0,0.52
30,0.1,2,agentic,44,1.0,35,26,0,0,0.99
30,0.1,2,agentic,45,1.0,19,14,0,0,0.35
30,0.1,2,agentic,46,1.0,30,16,0,0,0.64
30,0.1,5,independent,42,1.0,67,20,1,0,1.35
30,0.1,5,independent,43,1.0,124,33,0,0,3.01
30,0.1,5,independent,44,1.0,91,30,0,0,1.65
30,0.1,5,independent,45,1.0,93,27,0,0,1.86
30,0.1,5,independent,46,1.0,133,38,0,0,4.27
30,0.1,5,prioritized,42,1.0,67,20,0,0,1.97
30,0.1,5,prioritized,43,1.0,124,33,0,0,5.9
30,0.1,5,prioritized,44,1.0,93,30,0,0,3.72
30,0.1,5,prioritized,45,1.0,93,27,0,0,3.2
30,0.1,5,prioritized,46,1.0,133,38,0,0,8.22
30,0.1,5,agentic,42,1.0,70,20,0,3,28.67
30,0.1,5,agentic,43,1.0,124,33,0,0,3.41
30,0.1,5,agentic,44,1.0,91,30,0,0,1.93
30,0.1,5,agentic,45,1.0,93,27,0,0,2.06
30,0.1,5,agentic,46,1.0,133,38,0,0,4.57
30,0.1,10,independent,42,1.0,132,23,4,0,2.9
30,0.1,10,independent,43,1.0,247,41,1,0,6.4
30,0.1,10,independent,44,1.0,206,29,4,0,4.62
30,0.1,10,independent,45,1.0,205,40,1,0,5.45
30,0.1,10,independent,46,1.0,221,39,0,0,6.94
30,0.1,10,prioritized,42,0.9,116,23,0,0,3.84
30,0.1,10,prioritized,43,1.0,249,41,0,0,13.36
30,0.1,10,prioritized,44,1.0,206,29,0,0,8.2
30,0.1,10,prioritized,45,1.0,205,40,0,0,8.5
30,0.1,10,prioritized,46,1.0,221,39,0,0,10.75
30,0.1,10,agentic,42,1.0,135,23,0,4,8.34
30,0.1,10,agentic,43,1.0,247,41,0,1,9.03
30,0.1,10,agentic,44,1.0,206,29,0,2,10.69
30,0.1,10,agentic,45,1.0,206,40,0,1,8.45
30,0.1,10,agentic,46,1.0,221,39,0,0,8.68
30,0.1,15,independent,42,1.0,279,43,5,0,8.22
30,0.1,15,independent,43,1.0,306,42,2,0,8.66
30,0.1,15,independent,44,1.0,287,43,1,0,7.83
30,0.1,15,independent,45,1.0,339,47,6,0,12.22
30,0.1,15,independent,46,1.0,403,43,8,0,12.94
30,0.1,15,prioritized,42,1.0,279,43,0,0,12.64
30,0.1,15,prioritized,43,1.0,306,42,0,0,12.86
30,0.1,15,prioritized,44,1.0,287,43,0,0,14.5
30,0.1,15,prioritized,45,1.0,339,47,0,0,17.94
30,0.1,15,prioritized,46,1.0,403,43,0,0,26.62
30,0.1,15,agentic,42,1.0,288,43,1,15,82.82
30,0.1,15,agentic,43,1.0,310,42,0,5,26.22
30,0.1,15,agentic,44,1.0,287,43,0,1,12.55
30,0.1,15,agentic,45,1.0,339,47,3,15,140.83
30,0.1,15,agentic,46,1.0,411,43,3,15,170.66
30,0.2,2,independent,42,1.0,60,30,1,0,1.6
30,0.2,2,independent,43,1.0,62,40,0,0,1.55
30,0.2,2,independent,44,1.0,49,27,0,0,1.49
30,0.2,2,independent,45,1.0,45,23,0,0,0.69
30,0.2,2,independent,46,1.0,43,28,0,0,0.92
30,0.2,2,prioritized,42,1.0,61,31,0,0,3.27
30,0.2,2,prioritized,43,1.0,62,40,0,0,2.18
30,0.2,2,prioritized,44,1.0,49,27,0,0,8.95
30,0.2,2,prioritized,45,1.0,45,23,0,0,0.9
30,0.2,2,prioritized,46,1.0,43,28,0,0,1.19
30,0.2,2,agentic,42,1.0,61,31,0,1,3.68
30,0.2,2,agentic,43,1.0,62,40,0,0,1.61
30,0.2,2,agentic,44,1.0,49,27,0,0,1.53
30,0.2,2,agentic,45,1.0,45,23,0,0,0.74
30,0.2,2,agentic,46,1.0,43,28,0,0,0.95
30,0.2,5,independent,42,1.0,108,37,0,0,2.33
30,0.2,5,independent,43,1.0,103,25,0,0,2.04
30,0.2,5,independent,44,1.0,97,36,0,0,2.03
30,0.2,5,independent,45,1.0,94,40,0,0,1.86
30,0.2,5,independent,46,1.0,116,42,0,0,2.81
30,0.2,5,prioritized,42,1.0,108,37,0,0,6.98
30,0.2,5,prioritized,43,1.0,103,25,0,0,3.66
30,0.2,5,prioritized,44,1.0,97,36,0,0,4.76
30,0.2,5,prioritized,45,1.0,94,40,0,0,3.12
30,0.2,5,prioritized,46,1.0,116,42,0,0,4.4
30,0.2,5,agentic,42,1.0,108,37,0,0,2.65
30,0.2,5,agentic,43,1.0,103,25,0,0,2.29
30,0.2,5,agentic,44,1.0,97,36,0,0,2.35
30,0.2,5,agentic,45,1.0,94,40,0,0,2.09
30,0.2,5,agentic,46,1.0,116,42,0,0,3.17
30,0.2,10,independent,42,1.0,194,34,3,0,3.35
30,0.2,10,independent,43,1.0,174,39,2,0,4.17
30,0.2,10,independent,44,1.0,229,48,10,0,5.57
30,0.2,10,independent,45,1.0,166,35,0,0,3.58
30,0.2,10,independent,46,1.0,198,42,2,0,5.26
30,0.2,10,prioritized,42,1.0,194,34,0,0,5.37
30,0.2,10,prioritized,43,1.0,180,41,0,0,9.79
30,0.2,10,prioritized,44,1.0,230,49,0,0,9.85
30,0.2,10,prioritized,45,1.0,166,35,0,0,5.73
30,0.2,10,prioritized,46,1.0,203,43,0,0,10.81
30,0.2,10,agentic,42,1.0,208,34,1,15,80.06
30,0.2,10,agentic,43,1.0,189,40,1,15,16.84
30,0.2,10,agentic,44,1.0,233,48,0,6,218.33
30,0.2,10,agentic,45,1.0,166,35,0,0,4.67
30,0.2,10,agentic,46,1.0,203,43,0,6,15.99
30,0.2,15,independent,42,1.0,304,33,11,0,6.95
30,0.2,15,independent,43,1.0,335,35,4,0,7.83
30,0.2,15,independent,44,1.0,283,29,2,0,5.78
30,0.2,15,independent,45,1.0,237,28,5,0,5.15
30,0.2,15,independent,46,1.0,282,40,11,0,7.52
30,0.2,15,prioritized,42,1.0,307,33,0,0,13.91
30,0.2,15,prioritized,43,1.0,337,35,0,0,17.19
30,0.2,15,prioritized,44,1.0,285,29,0,0,11.32
30,0.2,15,prioritized,45,1.0,255,34,0,0,29.72
30,0.2,15,prioritized,46,1.0,292,40,0,0,25.89
30,0.2,15,agentic,42,1.0,312,33,0,11,114.25
30,0.2,15,agentic,43,1.0,350,35,4,15,153.96
30,0.2,15,agentic,44,1.0,287,29,0,9,52.97
30,0.2,15,agentic,45,1.0,250,32,14,15,122.98
30,0.2,15,agentic,46,1.0,297,40,11,15,140.54
30,0.3,2,independent,42,1.0,56,39,1,0,1.53
30,0.3,2,independent,43,1.0,49,41,0,0,1.61
30,0.3,2,independent,44,1.0,64,34,0,0,1.69
30,0.3,2,independent,45,1.0,68,35,0,0,1.83
30,0.3,2,independent,46,1.0,65,34,1,0,0.89
30,0.3,2,prioritized,42,1.0,56,39,0,0,8.94
30,0.3,2,prioritized,43,1.0,49,41,0,0,19.61
30,0.3,2,prioritized,44,1.0,64,34,0,0,10.22
30,0.3,2,prioritized,45,1.0,68,35,0,0,10.19
30,0.3,2,prioritized,46,1.0,71,40,0,0,3.35
30,0.3,2,agentic,42,1.0,71,39,1,15,33.53
30,0.3,2,agentic,43,1.0,49,41,0,0,1.71
30,0.3,2,agentic,44,1.0,64,34,0,0,1.76
30,0.3,2,agentic,45,1.0,68,35,0,0,1.86
30,0.3,2,agentic,46,1.0,75,44,0,10,2.54
30,0.3,5,independent,42,1.0,115,42,0,0,2.53
30,0.3,5,independent,43,1.0,119,37,1,0,1.99
30,0.3,5,independent,44,1.0,116,40,0,0,2.51
30,0.3,5,independent,45,1.0,192,48,3,0,5.08
30,0.3,5,independent,46,1.0,132,38,9,0,3.04
30,0.3,5,prioritized,42,1.0,115,42,0,0,21.07
30,0.3,5,prioritized,43,1.0,121,39,0,0,6.04
30,0.3,5,prioritized,44,1.0,116,40,0,0,10.59
30,0.3,5,prioritized,45,1.0,194,50,0,0,25.71
30,0.3,5,prioritized,46,1.0,133,39,0,0,16.75
30,0.3,5,agentic,42,1.0,115,42,0,0,2.89
30,0.3,5,agentic,43,1.0,119,37,0,1,3.58
30,0.3,5,agentic,44,1.0,116,40,0,0,2.85
30,0.3,5,agentic,45,1.0,207,52,2,15,43.37
30,0.3,5,agentic,46,1.0,133,39,0,1,16.89
30,0.3,10,independent,42,1.0,223,43,3,0,6.45
30,0.3,10,independent,43,1.0,213,36,1,0,4.33
30,0.3,10,independent,44,1.0,225,44,5,0,5.84
30,0.3,10,independent,45,1.0,253,37,3,0,5.55
30,0.3,10,independent,46,1.0,274,44,16,0,7.29
30,0.3,10,prioritized,42,1.0,225,43,0,0,38.08
30,0.3,10,prioritized,43,1.0,213,36,0,0,13.28
30,0.3,10,prioritized,44,1.0,245,51,0,0,61.77
30,0.3,10,prioritized,45,1.0,259,38,0,0,23.13
30,0.3,10,prioritized,46,1.0,281,44,0,0,40.28
30,0.3,10,agentic,42,1.0,238,43,1,15,72.0
30,0.3,10,agentic,43,1.0,217,40,0,5,16.9
30,0.3,10,agentic,44,1.0,240,55,4,15,130.44
30,0.3,10,agentic,45,1.0,268,44,4,15,82.79
30,0.3,10,agentic,46,1.0,289,49,0,15,155.57
30,0.3,15,independent,42,1.0,438,48,15,0,12.14
30,0.3,15,independent,43,1.0,379,44,6,0,8.71
30,0.3,15,independent,44,0.8667,348,41,13,0,15.43
30,0.3,15,independent,45,0.9333,442,48,9,0,15.01
30,0.3,15,independent,46,1.0,453,55,22,0,13.96
30,0.3,15,prioritized,42,0.8,317,46,0,0,2401.22
30,0.3,15,prioritized,43,0.9333,363,46,0,0,918.2
30,0.3,15,prioritized,44,0.8,328,41,0,0,1630.21
30,0.3,15,prioritized,45,0.8,407,48,0,0,1009.64
30,0.3,15,prioritized,46,1.0,496,66,0,0,193.65
30,0.3,15,agentic,42,1.0,453,48,15,15,608.8
30,0.3,15,agentic,43,1.0,394,44,5,15,348.1
30,0.3,15,agentic,44,0.8667,351,41,14,15,273.05
30,0.3,15,agentic,45,0.9333,456,48,10,15,454.56
30,0.3,15,agentic,46,1.0,468,55,12,15,759.43
40,0.1,2,independent,42,1.0,12,10,0,0,0.27
40,0.1,2,independent,43,1.0,79,42,0,0,3.0
40,0.1,2,independent,44,1.0,33,30,0,0,1.88
40,0.1,2,independent,45,1.0,95,57,0,0,6.25
40,0.1,2,independent,46,1.0,55,36,0,0,2.83
40,0.1,2,prioritized,42,1.0,12,10,0,0,0.57
40,0.1,2,prioritized,43,1.0,79,42,0,0,5.18
40,0.1,2,prioritized,44,1.0,33,30,0,0,2.71
40,0.1,2,prioritized,45,1.0,95,57,0,0,11.19
40,0.1,2,prioritized,46,1.0,55,36,0,0,4.0
40,0.1,2,agentic,42,1.0,12,10,0,0,0.32
40,0.1,2,agentic,43,1.0,79,42,0,0,2.66
40,0.1,2,agentic,44,1.0,33,30,0,0,1.76
40,0.1,2,agentic,45,1.0,95,57,0,0,6.04
40,0.1,2,agentic,46,1.0,55,36,0,0,2.53
40,0.1,5,independent,42,1.0,102,28,4,0,3.0
40,0.1,5,independent,43,1.0,140,55,0,0,5.97
40,0.1,5,independent,44,1.0,142,44,0,0,6.63
40,0.1,5,independent,45,1.0,160,39,0,0,5.81
40,0.1,5,independent,46,1.0,154,42,0,0,5.46
40,0.1,5,prioritized,42,1.0,102,28,0,0,5.39
40,0.1,5,prioritized,43,1.0,140,55,0,0,12.25
40,0.1,5,prioritized,44,1.0,142,44,0,0,10.4
40,0.1,5,prioritized,45,1.0,160,39,0,0,9.91
40,0.1,5,prioritized,46,1.0,154,42,0,0,9.24
40,0.1,5,agentic,42,1.0,105,30,0,3,38.15
40,0.1,5,agentic,43,1.0,140,55,0,0,5.06
40,0.1,5,agentic,44,1.0,142,44,0,0,5.57
40,0.1,5,agentic,45,1.0,160,39,0,0,5.43
40,0.1,5,agentic,46,1.0,154,42,0,0,5.21
40,0.1,10,independent,42,1.0,277,50,0,0,11.88
40,0.1,10,independent,43,1.0,243,49,3,0,7.59
40,0.1,10,independent,44,1.0,291,58,0,0,10.44
40,0.1,10,independent,45,1.0,275,54,6,0,9.53
40,0.1,10,independent,46,1.0,259,45,0,0,7.86
40,0.1,10,prioritized,42,1.0,277,50,0,0,18.4
40,0.1,10,prioritized,43,1.0,243,49,0,0,12.8
40,0.1,10,prioritized,44,1.0,293,58,0,0,21.43
40,0.1,10,prioritized,45,1.0,275,54,0,0,19.5
40,0.1,10,prioritized,46,1.0,259,45,0,0,16.24
40,0.1,10,agentic,42,1.0,277,50,0,0,15.24
40,0.1,10,agentic,43,1.0,243,49,0,1,14.74
40,0.1,10,agentic,44,1.0,291,58,0,0,14.2
40,0.1,10,agentic,45,1.0,289,54,1,15,213.32
40,0.1,10,agentic,46,1.0,259,45,0,0,11.71
40,0.1,15,independent,42,1.0,426,43,23,0,17.04
40,0.1,15,independent,43,1.0,375,48,4,0,16.03
40,0.1,15,independent,44,1.0,434,49,3,0,18.74
40,0.1,15,independent,45,1.0,317,41,4,0,12.05
40,0.1,15,independent,46,1.0,451,52,3,0,24.42
40,0.1,15,prioritized,42,1.0,430,46,0,0,44.01
40,0.1,15,prioritized,43,1.0,377,48,0,0,38.32
40,0.1,15,prioritized,44,1.0,435,49,0,0,38.46
40,0.1,15,prioritized,45,1.0,319,43,0,0,20.75
40,0.1,15,prioritized,46,1.0,453,52,0,0,37.21
40,0.1,15,agentic,42,1.0,435,43,0,9,1230.06
40,0.1,15,agentic,43,1.0,380,48,0,7,52.57
40,0.1,15,agentic,44,1.0,440,49,0,7,49.68
40,0.1,15,agentic,45,1.0,331,41,3,15,435.85
40,0.1,15,agentic,46,1.0,466,58,4,15,267.99
40,0.2,2,independent,42,1.0,21,15,0,0,0.38
40,0.2,2,independent,43,1.0,61,39,0,0,1.12
40,0.2,2,independent,44,1.0,24,22,0,0,0.45
40,0.2,2,independent,45,1.0,50,31,0,0,1.03
40,0.2,2,independent,46,1.0,82,55,0,0,3.24
40,0.2,2,prioritized,42,1.0,21,15,0,0,0.53
40,0.2,2,prioritized,43,1.0,61,39,0,0,2.33
40,0.2,2,prioritized,44,1.0,24,22,0,0,0.53
40,0.2,2,prioritized,45,1.0,50,31,0,0,1.77
40,0.2,2,prioritized,46,1.0,82,55,0,0,4.39
40,0.2,2,agentic,42,1.0,21,15,0,0,0.42
40,0.2,2,agentic,43,1.0,61,39,0,0,1.16
40,0.2,2,agentic,44,1.0,24,22,0,0,0.46
40,0.2,2,agentic,45,1.0,50,31,0,0,1.04
40,0.2,2,agentic,46,1.0,82,55,0,0,3.28
40,0.2,5,independent,42,1.0,190,59,0,0,5.02
40,0.2,5,independent,43,1.0,159,56,0,0,5.23
40,0.2,5,independent,44,1.0,162,56,0,0,4.06
40,0.2,5,independent,45,1.0,116,30,0,0,2.71
40,0.2,5,independent,46,1.0,185,54,2,0,5.4
40,0.2,5,prioritized,42,1.0,190,59,0,0,15.19
40,0.2,5,prioritized,43,1.0,159,56,0,0,8.84
40,0.2,5,prioritized,44,1.0,162,56,0,0,7.52
40,0.2,5,prioritized,45,1.0,118,30,0,0,7.2
40,0.2,5,prioritized,46,1.0,185,54,0,0,9.13
40,0.2,5,agentic,42,1.0,190,59,0,0,5.61
40,0.2,5,agentic,43,1.0,159,56,0,0,5.68
40,0.2,5,agentic,44,1.0,162,56,0,0,4.51
40,0.2,5,agentic,45,1.0,116,30,0,0,3.06
40,0.2,5,agentic,46,1.0,199,54,1,15,113.74
40,0.2,10,independent,42,1.0,323,63,5,0,9.82
40,0.2,10,independent,43,1.0,272,47,3,0,9.28
40,0.2,10,independent,44,1.0,224,50,2,0,5.85
40,0.2,10,independent,45,1.0,332,55,2,0,9.18
40,0.2,10,independent,46,1.0,333,49,1,0,7.77
40,0.2,10,prioritized,42,1.0,326,64,0,0,31.79
40,0.2,10,prioritized,43,1.0,278,47,0,0,38.28
40,0.2,10,prioritized,44,1.0,226,50,0,0,12.53
40,0.2,10,prioritized,45,1.0,334,55,0,0,22.77
40,0.2,10,prioritized,46,1.0,335,49,0,0,16.58
40,0.2,10,agentic,42,1.0,325,64,0,2,32.97
40,0.2,10,agentic,43,1.0,287,47,2,15,158.34
40,0.2,10,agentic,44,1.0,239,50,1,15,262.8
40,0.2,10,agentic,45,1.0,332,55,0,2,18.73
40,0.2,10,agentic,46,1.0,333,49,0,2,15.99
40,0.2,15,independent,42,1.0,389,50,0,0,10.68
40,0.2,15,independent,43,1.0,448,63,2,0,14.02
40,0.2,15,independent,44,1.0,362,50,4,0,9.83
40,0.2,15,independent,45,1.0,450,57,4,0,13.59
40,0.2,15,independent,46,1.0,483,47,6,0,13.73
40,0.2,15,prioritized,42,1.0,389,50,0,0,25.63
40,0.2,15,prioritized,43,1.0,448,63,0,0,29.63
40,0.2,15,prioritized,44,1.0,366,50,0,0,17.38
40,0.2,15,prioritized,45,1.0,450,57,0,0,22.24
40,0.2,15,prioritized,46,0.9333,448,47,0,0,24.39
40,0.2,15,agentic,42,1.0,389,50,0,0,14.65
40,0.2,15,agentic,43,1.0,463,63,1,15,119.4
40,0.2,15,agentic,44,1.0,369,50,0,9,132.8
40,0.2,15,agentic,45,1.0,464,57,2,15,144.62
40,0.2,15,agentic,46,1.0,487,47,0,6,59.09
40,0.3,2,independent,42,1.0,36,24,0,0,0.55
40,0.3,2,independent,43,1.0,80,52,0,0,1.74
40,0.3,2,independent,44,1.0,66,36,0,0,1.2
40,0.3,2,independent,45,1.0,21,12,0,0,0.28
40,0.3,2,independent,46,1.0,54,36,0,0,1.28
40,0.3,2,prioritized,42,1.0,36,24,0,0,0.72
40,0.3,2,prioritized,43,1.0,80,52,0,0,10.59
40,0.3,2,prioritized,44,1.0,66,36,0,0,8.44
40,0.3,2,prioritized,45,1.0,21,12,0,0,0.37
40,0.3,2,prioritized,46,1.0,54,36,0,0,3.78
40,0.3,2,agentic,42,1.0,36,24,0,0,0.62
40,0.3,2,agentic,43,1.0,80,52,0,0,1.82
40,0.3,2,agentic,44,1.0,66,36,0,0,1.25
40,0.3,2,agentic,45,1.0,21,12,0,0,0.31
40,0.3,2,agentic,46,1.0,54,36,0,0,1.34
40,0.3,5,independent,42,0.8,122,49,0,0,9.6
40,0.3,5,independent,43,0.8,124,65,0,0,10.2
40,0.3,5,independent,44,1.0,149,36,0,0,2.78
40,0.3,5,independent,45,1.0,134,59,0,0,3.73
40,0.3,5,independent,46,0.8,95,47,0,0,8.73
40,0.3,5,prioritized,42,0.8,122,49,0,0,1602.47
40,0.3,5,prioritized,43,0.8,124,65,0,0,1677.56
40,0.3,5,prioritized,44,1.0,149,36,0,0,8.24
40,0.3,5,prioritized,45,1.0,134,59,0,0,4.66
40,0.3,5,prioritized,46,0.8,95,47,0,0,1579.56
40,0.3,5,agentic,42,0.8,122,49,0,0,9.85
40,0.3,5,agentic,43,0.8,124,65,0,0,10.05
40,0.3,5,agentic,44,1.0,149,36,0,0,3.13
40,0.3,5,agentic,45,1.0,134,59,0,0,4.11
40,0.3,5,agentic,46,0.8,95,47,0,0,8.81
40,0.3,10,independent,42,0.9,249,50,18,0,5.97
40,0.3,10,independent,43,0.9,337,56,3,0,9.61
40,0.3,10,independent,44,1.0,280,54,1,0,7.27
40,0.3,10,independent,45,1.0,265,52,0,0,7.23
40,0.3,10,independent,46,0.9,239,46,0,0,6.22
40,0.3,10,prioritized,42,0.9,250,51,0,0,21.29
40,0.3,10,prioritized,43,0.9,349,60,0,0,83.31
40,0.3,10,prioritized,44,1.0,281,54,0,0,69.35
40,0.3,10,prioritized,45,1.0,270,54,0,0,30.37
40,0.3,10,prioritized,46,0.9,243,48,0,0,29.15
40,0.3,10,agentic,42,0.9,250,51,0,1,41.95
40,0.3,10,agentic,43,0.9,352,56,2,15,159.65
40,0.3,10,agentic,44,1.0,281,54,0,1,9.89
40,0.3,10,agentic,45,1.0,265,52,0,0,8.89
40,0.3,10,agentic,46,0.9,239,46,0,0,7.5
40,0.3,15,independent,42,0.8667,389,58,4,0,16.91
40,0.3,15,independent,43,0.8667,442,65,6,0,21.98
40,0.3,15,independent,44,1.0,520,66,10,0,14.75
40,0.3,15,independent,45,1.0,424,56,6,0,12.16
40,0.3,15,independent,46,0.9333,453,63,7,0,13.06
40,0.3,15,prioritized,42,0.8667,400,58,0,0,1530.18
40,0.3,15,prioritized,43,0.8,378,57,0,0,1590.5
40,0.3,15,prioritized,44,1.0,527,67,0,0,131.31
40,0.3,15,prioritized,45,1.0,428,56,0,0,57.52
40,0.3,15,prioritized,46,0.8667,417,63,0,0,56.47
40,0.3,15,agentic,42,0.8667,399,58,0,11,72.59
40,0.3,15,agentic,43,0.8667,456,77,2,15,290.52
40,0.3,15,agentic,44,1.0,535,67,3,15,318.55
40,0.3,15,agentic,45,1.0,438,56,3,15,201.23
40,0.3,15,agentic,46,0.9333,467,63,4,15,402.05
